{
  "ambientDependencies": {
    "chart": "github:DefinitelyTyped/DefinitelyTyped/chartjs/chart.d.ts#e6231f5948a29d6ffc7bc96e7808dd7a09aa0228",
    "es6-shim": "github:DefinitelyTyped/DefinitelyTyped/es6-shim/es6-shim.d.ts#6697d6f7dadbf5773cb40ecda35a76027e0783b2",
    "jquery": "github:DefinitelyTyped/DefinitelyTyped/jquery/jquery.d.ts#470954c4f427e0805a2d633636a7c6aa7170def8",
    "jqueryui": "github:DefinitelyTyped/DefinitelyTyped/jqueryui/jqueryui.d.ts#a3a5cd5554dc2c0ff8955d1db0673879af3095bc"
  }
}
